{"cameraMode":{"drawMode":0,"name":"Shaded","section":"Shading Mode"},"sceneLighting":false,"audioPlay":false,"sceneViewState":{"m_AlwaysRefresh":false,"showFog":true,"showSkybox":false,"showFlares":true,"showImageEffects":true,"showParticleSystems":true,"showVisualEffectGraphs":true,"m_FxEnabled":true},"in2DMode":false,"pivot":{"x":1.4677422046661378,"y":1.0591628551483155,"z":3.171722650527954},"rotation":{"x":-0.18046638369560243,"y":0.18525539338588715,"z":-0.03463289514183998,"w":-0.9653600454330444},"size":5.191028118133545,"orthographic":false}