{"cameraMode":{"drawMode":0,"name":"Shaded","section":"Shading Mode"},"sceneLighting":true,"audioPlay":false,"sceneViewState":{"m_AlwaysRefresh":false,"showFog":true,"showSkybox":false,"showFlares":true,"showImageEffects":true,"showParticleSystems":true,"showVisualEffectGraphs":true,"m_FxEnabled":true},"in2DMode":false,"pivot":{"x":-0.3432884216308594,"y":4.39571475982666,"z":-0.8497614860534668},"rotation":{"x":-0.036284055560827258,"y":-0.03537912666797638,"z":0.0012161278864368797,"w":-0.998775839805603},"size":2.6841444969177248,"orthographic":false}