{"cameraMode":{"drawMode":0,"name":"Shaded","section":"Shading Mode"},"sceneLighting":false,"audioPlay":false,"sceneViewState":{"m_AlwaysRefresh":false,"showFog":true,"showSkybox":false,"showFlares":true,"showImageEffects":true,"showParticleSystems":true,"showVisualEffectGraphs":true,"m_FxEnabled":true},"in2DMode":false,"pivot":{"x":1.1129744052886963,"y":-0.13007068634033204,"z":1.8881343603134156},"rotation":{"x":-0.2847665250301361,"y":0.3764275908470154,"z":-0.12278904020786286,"w":-0.8730069994926453},"size":3.2710680961608888,"orthographic":false}