{"cameraMode":{"drawMode":0,"name":"Shaded","section":"Shading Mode"},"sceneLighting":false,"audioPlay":false,"sceneViewState":{"m_AlwaysRefresh":false,"showFog":true,"showSkybox":false,"showFlares":true,"showImageEffects":true,"showParticleSystems":true,"showVisualEffectGraphs":true,"m_FxEnabled":true},"in2DMode":false,"pivot":{"x":0.01980452984571457,"y":0.04149680584669113,"z":0.021728627383708955},"rotation":{"x":0.0188922006636858,"y":-0.17545682191848756,"z":-0.0033677273895591499,"w":-0.9843048453330994},"size":0.1558835655450821,"orthographic":false}