{"cameraMode":{"drawMode":0,"name":"Shaded","section":"Shading Mode"},"sceneLighting":false,"audioPlay":false,"sceneViewState":{"m_AlwaysRefresh":false,"showFog":true,"showSkybox":false,"showFlares":true,"showImageEffects":true,"showParticleSystems":true,"showVisualEffectGraphs":true,"m_FxEnabled":true},"in2DMode":false,"pivot":{"x":0.10834074020385742,"y":4.505790710449219,"z":-1.4927382469177247},"rotation":{"x":-0.00734495185315609,"y":0.9925135970115662,"z":0.07726521790027619,"w":0.09437502920627594},"size":3.651977062225342,"orthographic":false}