{"cameraMode":{"drawMode":0,"name":"Shaded","section":"Shading Mode"},"sceneLighting":false,"audioPlay":false,"sceneViewState":{"m_AlwaysRefresh":false,"showFog":true,"showSkybox":false,"showFlares":true,"showImageEffects":true,"showParticleSystems":true,"showVisualEffectGraphs":true,"m_FxEnabled":true},"in2DMode":false,"pivot":{"x":-31.675384521484376,"y":7.277542591094971,"z":0.6415280699729919},"rotation":{"x":-0.24658092856407166,"y":-0.1827162206172943,"z":0.04739860072731972,"w":-0.9505705237388611},"size":0.31884363293647768,"orthographic":false}