{"cameraMode":{"drawMode":0,"name":"Shaded","section":"Shading Mode"},"sceneLighting":false,"audioPlay":false,"sceneViewState":{"m_AlwaysRefresh":false,"showFog":true,"showSkybox":false,"showFlares":true,"showImageEffects":true,"showParticleSystems":true,"showVisualEffectGraphs":true,"m_FxEnabled":true},"in2DMode":false,"pivot":{"x":-1.3998972177505494,"y":0.4043482542037964,"z":1.462740421295166},"rotation":{"x":-0.24639779329299928,"y":0.21219363808631898,"z":-0.055385325103998187,"w":-0.9440377950668335},"size":2.6861283779144289,"orthographic":false}