{"cameraMode":{"drawMode":0,"name":"Shaded","section":"Shading Mode"},"sceneLighting":false,"audioPlay":false,"sceneViewState":{"m_AlwaysRefresh":false,"showFog":true,"showSkybox":false,"showFlares":true,"showImageEffects":true,"showParticleSystems":true,"showVisualEffectGraphs":true,"m_FxEnabled":true},"in2DMode":false,"pivot":{"x":-0.788975715637207,"y":0.4820881485939026,"z":0.3788785934448242},"rotation":{"x":0.07669497281312943,"y":-0.8642879724502564,"z":0.13886582851409913,"w":0.47734448313713076},"size":1.4732615947723389,"orthographic":false}