{"cameraMode":{"drawMode":0,"name":"Shaded","section":"Shading Mode"},"sceneLighting":false,"audioPlay":false,"sceneViewState":{"m_AlwaysRefresh":false,"showFog":true,"showSkybox":false,"showFlares":true,"showImageEffects":true,"showParticleSystems":true,"showVisualEffectGraphs":true,"m_FxEnabled":true},"in2DMode":false,"pivot":{"x":-0.40343260765075686,"y":-1.3020248413085938,"z":1.8226135969161988},"rotation":{"x":0.09205780923366547,"y":-0.33207517862319949,"z":0.03258340805768967,"w":0.938193678855896},"size":1.7911920547485352,"orthographic":false}