{"cameraMode":{"drawMode":0,"name":"Shaded","section":"Shading Mode"},"sceneLighting":false,"audioPlay":false,"sceneViewState":{"m_AlwaysRefresh":false,"showFog":true,"showSkybox":false,"showFlares":true,"showImageEffects":true,"showParticleSystems":true,"showVisualEffectGraphs":true,"m_FxEnabled":true},"in2DMode":false,"pivot":{"x":-0.915469765663147,"y":2.9762237071990969,"z":0.6234204769134522},"rotation":{"x":-0.2684555947780609,"y":0.012136048637330532,"z":-0.0033809479791671039,"w":-0.9632188081741333},"size":2.1193718910217287,"orthographic":false}