{"cameraMode":{"drawMode":0,"name":"Shaded","section":"Shading Mode"},"sceneLighting":false,"audioPlay":false,"sceneViewState":{"m_AlwaysRefresh":false,"showFog":true,"showSkybox":false,"showFlares":true,"showImageEffects":true,"showParticleSystems":true,"showVisualEffectGraphs":true,"m_FxEnabled":true},"in2DMode":false,"pivot":{"x":-0.0000034570693969726564,"y":0.09401369839906693,"z":-1.1920928955078126e-7},"rotation":{"x":-0.3516871929168701,"y":0.49696123600006106,"z":-0.23021216690540315,"w":-0.7591889500617981},"size":2.8301289081573488,"orthographic":false}