{"cameraMode":{"drawMode":0,"name":"Shaded","section":"Shading Mode"},"sceneLighting":false,"audioPlay":false,"sceneViewState":{"m_AlwaysRefresh":false,"showFog":true,"showSkybox":false,"showFlares":true,"showImageEffects":true,"showParticleSystems":true,"showVisualEffectGraphs":true,"m_FxEnabled":true},"in2DMode":false,"pivot":{"x":-3.482682228088379,"y":5.249610424041748,"z":12.663854598999024},"rotation":{"x":-0.010648091323673725,"y":-0.9890570044517517,"z":0.09106026589870453,"w":-0.11564329266548157},"size":2.3934431076049806,"orthographic":false}